DROP TABLE Loan_Review;
DROP TABLE Wishlist;
DROP TABLE Loaned_Books;
DROP TABLE Loans;
DROP TABLE Owned_Books;
DROP TABLE Availability_Status;
DROP TABLE Condition_Status;
DROP TABLE Loan_Status;
DROP TABLE Genre;
DROP TABLE Books;
DROP TABLE Users;
DROP TABLE Addresses;

CREATE TABLE Addresses(
	id INT NOT NULL PRIMARY KEY IDENTITY,
	address1 NVARCHAR(1000) NOT NULL,
	address2 NVARCHAR(1000) NULL,
	city NVARCHAR(1000) NOT NULL,
	state NVARCHAR(1000) NOT NULL,
	country NVARCHAR(1000) NULL,
	zipcode INT NOT NULL,
)

CREATE TABLE Users(
	id INT NOT NULL PRIMARY KEY IDENTITY,
	authId NVARCHAR(1000) NOT NULL,
	username NVARCHAR(255) NOT NULL UNIQUE,
	email NVARCHAR(255) NOT NULL UNIQUE,
)

CREATE TABLE Books(
	id INT NOT NULL PRIMARY KEY IDENTITY,
	title NVARCHAR(255) NOT NULL, 
	author NVARCHAR(255) NOT NULL,
	isbn BigINT NOT NULL CHECK (len(isbn) = 13),
	thumbnail NVARCHAR(1000) NULL,
) 

CREATE TABLE Genre(
	id INT NOT NULL PRIMARY KEY IDENTITY,
	bookId int NOT NULL FOREIGN KEY REFERENCES Books(id),
	genreName NVARCHAR(255) NOT NULL, 
)

CREATE TABLE Loan_Status(
	id INT PRIMARY KEY IDENTITY NOT NULL,
	statusName NVARCHAR(255) NOT NULL,
)

CREATE TABLE Condition_Status(
	id INT PRIMARY KEY IDENTITY NOT NULL,
	statusName NVARCHAR(255) NOT NULL,
)

CREATE TABLE Availability_Status(
	id INT PRIMARY KEY IDENTITY NOT NULL,
	statusName NVARCHAR(255) NOT NULL,
)

CREATE TABLE Owned_Books(
	id INT PRIMARY KEY IDENTITY NOT NULL,
	userId INT NOT NULL FOREIGN KEY REFERENCES Users(id),
	bookId INT NOT NULL FOREIGN KEY REFERENCES Books(id),
	conditionId INT NOT NULL FOREIGN KEY REFERENCES Condition_Status(id), 
	availabilityStatusId int NOT NULL FOREIGN KEY REFERENCES Availability_Status(id),
)

CREATE TABLE Loans(
	id INT PRIMARY KEY IDENTITY NOT NULL,
	lenderId INT NOT NULL FOREIGN KEY REFERENCES Users(id),
	borrowerId INT NOT NULL FOREIGN KEY REFERENCES Users(id),
	message  NTEXT NOT NULL,
	loanStatusId INT NOT NULL FOREIGN KEY REFERENCES Loan_Status(id),
	dropoffDate DATETIMEOFFSET NOT NULL, 
	returnedDate DATETIMEOFFSET NOT NULL, 
	addressId INT NOT NULL FOREIGN KEY REFERENCES Addresses(id),
)

CREATE TABLE Loaned_Books(
	id INT PRIMARY KEY IDENTITY NOT NULL,
	ownedBookid INT NOT NULL FOREIGN KEY REFERENCES Owned_Books(id),
	loanId INT NOT NULL FOREIGN KEY REFERENCES Loans(id),
)

CREATE TABLE Wishlist(
	id INT PRIMARY KEY IDENTITY NOT NULL,
	userId INT NOT NULL FOREIGN KEY REFERENCES Users(id),
	bookId INT NOT NULL FOREIGN KEY REFERENCES Books(id)
)

CREATE TABLE Loan_Review(
	id INT PRIMARY KEY IDENTITY NOT NULL,
	reviewerId INT NOT NULL FOREIGN KEY REFERENCES Users(id),
	loanId INT NOT NULL FOREIGN KEY REFERENCES Loans(id),
)

INSERT INTO Availability_Status (statusName) VALUES
	('Available'),
	('Checked Out'),
	('In Process'),
	('Unknown');

INSERT INTO Condition_Status (statusName) VALUES
	('Like New'),
	('Very Good'),
	('Good'),
	('Fair'),
	('Poor');

INSERT INTO Loan_Status (statusName) VALUES
	('Requested'),
	('Approved'),
	('Denied'),
	('Expired');

INSERT INTO addresses (address1, address2, city, state, zipcode) VALUES
	('98 Pyongyang Boulevard', null, 'Arlington', 'Texas',	42141),
	('913 Coacalco de Berriozbal Loop', null, 'Arlington', 'Texas',	42141),
	('1308 Arecibo Way', null, 'Arlington', 'Texas', 42141),
	('587 Benguela Manor', null, 'Arlington', 'Texas', 42141),
	('43 Vilnius Manor', null, 'Arlington', 'Texas', 42141),
	('660 Jedda Boulevard', null, 'Arlington', 'Texas',	42141),
	('782 Mosul Street', null, 'Arlington', 'Texas', 42141),
	('1427 Tabuk Place', null, 'Arlington', 'Texas', 42141),
	('770 Bydgoszcz Avenue', null, 'Dallas', 'Texas', 11067),
	('1666 Beni-Mellal Place', null, 'Dallas', 'Texas',	11067),
	('533 al-Ayn Boulevard', null, 'Dallas', 'Texas', 11067),
	('530 Lausanne Lane', null,	'Dallas', 'Texas', 11067),
	('32 Pudukkottai Lane', null, 'Dallas', 'Texas', 11067),
	('1866 al-Qatif Avenue', null, 'Dallas', 'Texas', 11067),
	('1135 Izumisano Parkway', null, 'Dallas', 'Texas',	11067),
	('1895 Zhezqazghan Drive', null, 'Dallas', 'Texas',	11067),
	('1894 Boa Vista Way', null, 'Dallas', 'Texas',	11067),
	('333 Goinia Way', null, 'Dallas', 'Texas',	11067),
	('369 Papeete Way', null, 'Dallas', 'Texas', 11067),
	('786 Matsue Way', null, 'Dallas', 'Texas',	11067),
	('1191 Sungai Petani Boulevard', null, 'Dallas', 'Texas', 11067),
	('793 Cam Ranh Avenue', 'Apartment B', 'Dallas', 'Texas', 11067),
	('1795 Santiago de Compostela Way', null, 'Dallas', 'Texas', 11067),
	('1214 Hanoi Way', null, 'Dallas', 'Texas',	11067),
	('401 Sucre Boulevard', null, 'Dallas', 'Texas', 11067),
	('682 Garden Grove Place', 'Apartment 103',	'Dallas', 'Texas', 11067),
	('1980 Kamjanets-Podilskyi Street', null, 'Dallas', 'Texas', 11067),
	('1936 Cuman Avenue', null,	'Dallas', 'Texas', 11067),
	('1485 Bratislava Place', null,	'Dallas', 'Texas', 11067),
	('1717 Guadalajara Lane', null,	'Dallas', 'Texas', 11067),
	('920 Kumbakonam Loop', null, 'Dallas', 'Texas', 11067),
	('1121 Loja Avenue', null, 'Dallas', 'Texas', 11067),
	('879 Newcastle Way', null,	'Dallas', 'Texas', 11067),
	('1309 Weifang Street', null, 'Dallas', 'Texas', 11067),
	('1944 Bamenda Way', null, 'Dallas', 'Texas', 11067);



INSERT INTO Users (addressid, username, email) VALUES
	(1, 'cordagepayment', 'bumblebeehedgehog@ymail.com'),
	(2, 'trekswarm', 'bazookaelephant@ymail.com'),
	(3, 'granolacopy','turduckencardinal@ymail.com'),
	(4, 'editionheady', 'doodlehorse@ymail.com'),
	(5, 'cantstandher', 'egadpeacock@ymail.com'),
	(6, 'pradabasket', 'bamboocolobus@ymail.com'),
	(7, 'molesomebody', 'bowyangbloodhound@ymail.com'),
	(8, 'expandwill', 'malarkeylark@ymail.com'),
	(9, 'boocarefully', 'burgooswallow@ymail.com'),
	(10, 'orchestradiving','sagyak@ymail.com'),
	(11, 'humcathead', 'awkwardpartridge@ymail.com'),
	(12, 'middleahem', 'turnipferret@ymail.com'),
	(13, 'gameuvula', 'baconparrot@ymail.com'),
	(14, 'gentlemanunlike', 'snorkelguillemot@ymail.com'),
	(15, 'uneasesituation', 'occiputant@ymail.com'),
	(16, 'cakerowboat', 'schnitzelcolt@ymail.com'),
	(17, 'ericssonbreeches', 'hoipolloicoyote@ymail.com'),
	(18, 'originhomesick', 'hootenanypanda@ymail.com'),
	(19, 'emailclosed', 'bodaciousdonkey@ymail.com'),
	(20, 'deskgeorgian', 'snoolseahorse@ymail.com'),
	(21, 'gaitersbew', 'troglodytemandrill@ymail.com'),
	(22, 'briocheconstruct', 'hogwashtapir@ymail.com'),
	(23, 'awarephotograph', 'snoutsmelt@ymail.com'),
	(24, 'mainlyemotion', 'kumquatruffs@ymail.com'),
	(25, 'coststriker', 'cahootsgibbon@ymail.com'),
	(26, 'funeralprimarily', 'rummagehawk@ymail.com'),
	(27, 'madequatorial', 'conniptionseal@ymail.com'),
	(28, 'towpetrified', 'maverickbison@ymail.com'),
	(29, 'accountantmustering', 'follicledoves@ymail.com'),
	(30, 'zebraconscious', 'turdiformwaterfowl@ymail.com'),
	(31, 'producemisguided', 'codswallopibexe@ymail.com'),
	(32, 'buckpurple', 'squeegeewalrus@ymail.com'),
	(33, 'bedroomwhirlwind', 'bubblesbaboon@ymail.com'),
	(34, 'mcdonaldsbrag', 'cougarboa@ymail.com'),
	(35, 'resentfulgymnastics', 'fripperyjackrabbit@ymail.com');

INSERT INTO books (title, author, isbn) VALUES
	('The Fellowship of the Ring','J.R.R. Tolkien',9780547952017),
	('The Hobbit','J.R.R. Tolkien',9780008108281),
	('Of Mice and Men','John Steinbeck',9780140186420),
	('Pride','Ibi Zoboi',9780062564078),
	('Emma','Jane Austen',9798622320415),
	('Save the Cat','Blake Snyder',9781615931712),
	('The Last Book on the Left','Ben Kissel, Marcus Parks, Henry Zebrowski',9781328566225),
	('The Last Book in the Universe','Rodman Philbrick',9780545303873),
	('Leaders Eat Last','Simon Sinek',9781101623039),
	('The Last','Hanna Jameson',9781501198847),
	('A Time to Kill','John Grisham',9780385338608),
	('The Reckoning','John Grisham',9780525620938),
	('Rogue Lawyer','John Grisham',9780553393484),
	('The Broker','John Grisham',9780307575982),
	('Rainbow Six','Tom Clancy',9780425170342),
	('The Lost Symbol','Dan Brown',9781400079148),
	('Encyclopedia Brown Gets His Man','Donald J. Sobol',9780142408919),
	('1984','George Orwell',9780547249643),
	('Farenheit 451','Ray Bradbury',9780671872298),
	('Persuasion','Jane Austen',9781623957841),
	('The Essential New York Times Cookbook','Amanda Hesser',9780393247671),
	('Cook Beautiful','Athena Calderone',9781683351085),
	('Cooked','Michael Pollan',9780141975634),
	('Essentials of Italian Cooking','Marcella Hazan',9780307958303),
	('In Cold Blood','Truman Capote',9780812994384),
	('Mindhunter','John E. Douglas, Mark Olshaker',9781501191961),
	('Adnan''s Story','Rabia Chaudry',9781250087119),
	('Chaos','Tom O''Neill',9780316477574),
	('Atomic Habits','James Clear',9780735211292),
	('The Power of Positive Thinking','Norman Vincent Peale',9789388118576),
	('How to Win Friends and Influence People','Dale Carnegie',9781451621716),
	('The Four Agreements','Miguel Ruiz',9781386152644),
	('The Princess Saves Herself in this One','Amanda Lovelace',9781449486440),
	('Milk and Honey','Rupi Kaur',9781449478650),
	('Leaves of Grass','Walt Whitman',9780199727216),
	('The Odyssey of Homer','Homerus',9780593296677),
	('A People''s History of the United States','Howard Zinn',9781621578949),
	('Seventeen Seventy-six','David McCullough',9780743226721),
	('Genghis Khan and the Making of the Modern World','Jack Weatherford',9780609809648),
	('SPQR: A History of Ancient Rome','Mary Beard',9781631491252),
	('Becoming','Michelle Obama',9781524763138),
	('The Diary of a Young Girl','Anne Frank',9781101099650),
	('The Autobiography of Malcolm X','Malcolm X',9781101967805),
	('Steve Jobs','Walter Isaacson',9781451648546),
	('Ender''s Game','Orson Scott Card',9780765394866),
	('The Martian','Andy Weir',9780804139038),
	('Starship Troopers','Robert Anson Heinlein',9780441783588),
	('Snow Crash','Neal Stephenson',9780553898194),
	('The Bridgerton Collection, Volume 1','Julia Quinn',9780063045118),
	('The Notebook','Nicholas Sparks',9780446930642),
	('Wuthering Heights','Emily Bronte',9781438114880),
	('The Alchemist','Paulo Coelho',9780062416216),
	('The Vanishing Half','Brit Bennet',9780525536291),
	('Where the Crawdads Sing','Delia Owens',9780735219113),
	('The Goldfinch','Donna Tartt',9780349139630),
	('The Name of the Wind','Patrick Rothfuss',9780575087057),
	('A Game of Thrones','George R.R. Martin',9780553573404),
	('The Last Unicorn','William deBuys',9780316232883),
	('Dracula','Bram Stoker',9798702225081),
	('The Exorcist','William Peter Blatty',9780062094377),
	('The Shining','Stephen King',9780385528863),
	('House of Leaves','Mark Z. Danielewski',9780375420528),
	('All the Light We Cannot See','Anthony Doerr',9781501173219),
	('Wolf Hall','Hilary Mantel',9781429943284),
	('Pillars of the Earth','Ken Follett',9781101442197),
	('The Book Thief','Markus Zusak',9781784162122),
	('Legend: The Graphic Novel','Marie Lu',9780399171895),
	('Dune: The Graphic Novel, Book 1','Frank Herbert',9781647001827),
	('The Great Gatsby','F. Scott Fitzgerald',9788027235667),
	('Little Women','Louisa May Alcott',9780191605505),
	('The Adventures of Huckleberry Finn','Mark Twain',9781616411565),
	('The Catcher in the Rye','J.D. Salinger',9780848832919),
	('Moby Dick','Herman Melville',9781944529024),
	('The Scarlet Letter','Nathanial Hawthorne',9798707895401),
	('Brave New World','Aldous Huxley',9781405882583),
	('Winnie-The-Pooh: The Honey Tree','A.A. Milne',9781717038135),
	('The House at Pooh Corner','A.A. Milne',9781405255820),
	('Goodnight Moon','Margaret Wise Brown',9780062662897),
	('The Cat in the Hat','Dr. Seuss',9780385372015),
	('The Lorax','Dr. Seuss',9780385372022),
	('The Princess Bride','William Goldman',9780544173767),
	('Total Power','Vince Flynn, Kyle Mills',9781501190674),
	('The Sentinel','Lee Child, Andrew Child',9781984818478),
	('Pirate Latitudes','Michael Crichton',9781443400442),
	('Harry Potter and the Goblet of Fire','J.K. Rowling',9781408834992),
	('Harry Potter and the Chamber of Secrets','J.K. Rowling',9781781100509),
	('Harry Potter and the Order of the Phoenix','J.K. Rowling',9781781100530);

INSERT INTO owned_books (userId, bookId, conditionId, availabilityStatusId) VALUES
	(1,1,1,1),
	(3,2,2,1),
	(5,3,3,1),
	(7,4,4,2),
	(9,5,5,2),
	(11,6,1,2),
	(13,7,2,3),
	(15,8,3,1),
	(17,9,4,1),
	(19,10,5,1),
	(21,11,1,2),
	(23,12,2,2),
	(25,13,3,2),
	(27,14,4,3),
	(29,15,5,1),
	(31,16,1,1),
	(33,17,2,1),
	(35,18,3,2),
	(1,19,4,2),
	(3,20,5,2),
	(5,21,1,3),
	(7,22,2,1),
	(9,23,3,1),
	(11,24,4,1),
	(13,25,5,2),
	(15,26,1,2),
	(17,27,2,3),
	(19,28,3,1),
	(21,29,4,1),
	(23,30,5,1),
	(25,31,1,2),
	(27,32,2,2),
	(29,33,3,3),
	(31,34,4,1),
	(33,35,5,1),
	(35,36,1,1),
	(2,37,2,2),
	(4,38,3,2),
	(6,39,4,3),
	(7,40,5,1),
	(8,41,1,1),
	(9,42,2,1),
	(10,43,3,2),
	(12,44,4,2),
	(14,45,5,3),
	(16,46,1,1),
	(18,47,2,1),
	(20,48,3,1),
	(22,49,4,2),
	(24,50,5,2),
	(26,51,1,3),
	(28,52,2,1),
	(30,53,3,1),
	(32,54,4,1),
	(34,55,5,2),
	(2,56,1,2),
	(4,57,2,3),
	(6,58,3,1),
	(7,59,4,1),
	(8,60,5,1),
	(9,61,1,2),
	(10,62,2,2),
	(12,63,3,3),
	(14,64,4,1),
	(16,65,5,1),
	(18,66,1,1),
	(20,67,2,2),
	(22,68,3,2),
	(24,69,4,3),
	(26,70,5,1),
	(28,71,1,1),
	(30,72,2,1),
	(32,73,3,2),
	(34,74,4,2),
	(2,75,5,3),
	(4,76,1,1),
	(6,77,2,1),
	(7,78,3,1),
	(8,79,4,2),
	(9,80,5,2),
	(10,81,1,3),
	(12,82,2,1),
	(14,83,3,1),
	(16,84,4,1),
	(18,85,5,2),
	(20,86,1,2),
	(22,87,2,3);


INSERT INTO Genre (bookId, genreName) VALUES
	(1, 'Action and Adventure'),
	(2, 'Children'),
	(3, 'Classics'),
	(4, 'Comic Book or Graphic Novel'),
	(5, 'Historical Fiction'),
	(6, 'Horror'),
	(7, 'Fantasy'),
	(8, 'Literary Fiction'),
	(9, 'Romance'),
	(10, 'Science Fiction'),
	(11, 'Suspense and Thrillers'),
	(12, 'Biographies and Autobiographies'),
	(13, 'History'),
	(14, 'Poetry'),
	(15, 'Self-Help'),
	(16, 'True Crime'),
	(17, 'Cookbook'),
	(11, 'Action and Adventure'),
	(25, 'Children'),
	(36, 'Classics'),
	(42, 'Comic Book or Graphic Novel'),
	(52, 'Historical Fiction'),
	(26, 'Horror'),
	(75, 'Fantasy'),
	(81, 'Literary Fiction'),
	(19, 'Romance'),
	(50, 'Science Fiction'),
	(21, 'Suspense and Thrillers'),
	(52, 'Biographies and Autobiographies'),
	(13, 'History'),
	(64, 'Poetry'),
	(17, 'Self-Help'),
	(26, 'True Crime'),
	(57, 'Cookbook'),
	(35, 'Action and Adventure'),
	(35, 'Children'),
	(66, 'Classics'),
	(32, 'Comic Book or Graphic Novel'),
	(22, 'Historical Fiction'),
	(26, 'Horror'),
	(45, 'Fantasy'),
	(80, 'Literary Fiction'),
	(59, 'Romance'),
	(57, 'Science Fiction');